title,subtitle,product_url,asin,image_url,is_sponsored,price,rating
"Swiss Beauty Pure Matte Creamy Lipstick | Non-drying, Highly pigmented Lipstick | Shade- Café Mocha, 3.8gm|",same as title,"https://www.amazon.in/Swiss-Beauty-Matte-Lipstick-Mocha/dp/B087B49B5G/ref=sr_1_1_sspa?crid=1UPZEIOSR28PW&dib=eyJ2IjoiMSJ9.UEw53yhaVFJXiA5LPFzTnEFzcY2v-EGtKdBv6LzJIPvcujo__TNYbridLeAJ5Z1ZcWUASBhsl9EA1LSl4d91cbsoUI6o19irI7mPZ4LEyAcasbR5XJXiSfj6dIi9orvXMAs7TKm_QyIffIQTjj7W-mZOUK1HF6In0gOF-TfktFmCyGJOWOvHn8syzQVddyqf2mdRXC4qkhH_zgcye-ooVwCtnuLSca2QWrKv43AfbHE0SzQ1bMv9er7ycvtLid673ui3DCH4pXS3oNRYAl3abD6sVnuWhTLIAnLmHZ_hO0Y.oGJL7N4bwMH8XLzHaMss_jCL7Z7OSheZzHbt61ZBRto&dib_tag=se&keywords=lipstick&qid=1770730019&sprefix=lipstic,aps,435&sr=8-1-spons&aref=mqHdyNVUak&sp_csd=d2lkZ2V0TmFtZT1zcF9hdGY&psc=1",B087B49B5G,https://m.media-amazon.com/images/I/415F1P7XXAL._AC_UL320_.jpg,True,₹172,4.0/5
"Lakme Forever Matte Lipstick, Waterproof, Non Drying, Creamy Matte Bullet Lipstick Made With French Rose Oil Extracts, Mauve Envy, 4.5g",same as title,"https://www.amazon.in/LAKMÉ-Cushion-Matte-Lipstick-Finish/dp/B09FKJFBT4/ref=sr_1_2_sspa?crid=1UPZEIOSR28PW&dib=eyJ2IjoiMSJ9.UEw53yhaVFJXiA5LPFzTnEFzcY2v-EGtKdBv6LzJIPvcujo__TNYbridLeAJ5Z1ZcWUASBhsl9EA1LSl4d91cbsoUI6o19irI7mPZ4LEyAcasbR5XJXiSfj6dIi9orvXMAs7TKm_QyIffIQTjj7W-mZOUK1HF6In0gOF-TfktFmCyGJOWOvHn8syzQVddyqf2mdRXC4qkhH_zgcye-ooVwCtnuLSca2QWrKv43AfbHE0SzQ1bMv9er7ycvtLid673ui3DCH4pXS3oNRYAl3abD6sVnuWhTLIAnLmHZ_hO0Y.oGJL7N4bwMH8XLzHaMss_jCL7Z7OSheZzHbt61ZBRto&dib_tag=se&keywords=lipstick&qid=1770730019&sprefix=lipstic,aps,435&sr=8-2-spons&aref=CjdL2xzVgG&sp_csd=d2lkZ2V0TmFtZT1zcF9hdGY&psc=1",B09FKJFBT4,https://m.media-amazon.com/images/I/31t--KO2DUL._AC_UL320_.jpg,True,₹180,4.0/5
MARS Matte Muse Mousse Lipstick (3ml) (01-LEADING LADY) with Doe-Foot Applicator | Highly Pigmented | Smooth Texture | Hydrating Formula | Blurry Lips Effect,same as title,"https://www.amazon.in/MARS-01-LEADING-Applicator-Pigmented-Hydrating/dp/B0DQTLWYYV/ref=sr_1_3_sspa?crid=1UPZEIOSR28PW&dib=eyJ2IjoiMSJ9.UEw53yhaVFJXiA5LPFzTnEFzcY2v-EGtKdBv6LzJIPvcujo__TNYbridLeAJ5Z1ZcWUASBhsl9EA1LSl4d91cbsoUI6o19irI7mPZ4LEyAcasbR5XJXiSfj6dIi9orvXMAs7TKm_QyIffIQTjj7W-mZOUK1HF6In0gOF-TfktFmCyGJOWOvHn8syzQVddyqf2mdRXC4qkhH_zgcye-ooVwCtnuLSca2QWrKv43AfbHE0SzQ1bMv9er7ycvtLid673ui3DCH4pXS3oNRYAl3abD6sVnuWhTLIAnLmHZ_hO0Y.oGJL7N4bwMH8XLzHaMss_jCL7Z7OSheZzHbt61ZBRto&dib_tag=se&keywords=lipstick&qid=1770730019&sprefix=lipstic,aps,435&sr=8-3-spons&aref=2zm0wUmhDA&sp_csd=d2lkZ2V0TmFtZT1zcF9hdGY&psc=1",B0DQTLWYYV,https://m.media-amazon.com/images/I/71Bcfw3ecpL._AC_UL320_.jpg,True,₹260,4.0/5
MARS Queen of Mattes Lipstick Valentine Gift Items Box Set (3 x 4.5 ml) (PLUMS & MAROONS) | Smudgeproof & Transferproof | Intense Swipe Pigmentation | Long-Lasting Wear,same as title,"https://www.amazon.in/MARS-MAROONS-Transferproof-Pigmentation-Long-Lasting/dp/B0DSKWSTGP/ref=sr_1_4_sspa?crid=1UPZEIOSR28PW&dib=eyJ2IjoiMSJ9.UEw53yhaVFJXiA5LPFzTnEFzcY2v-EGtKdBv6LzJIPvcujo__TNYbridLeAJ5Z1ZcWUASBhsl9EA1LSl4d91cbsoUI6o19irI7mPZ4LEyAcasbR5XJXiSfj6dIi9orvXMAs7TKm_QyIffIQTjj7W-mZOUK1HF6In0gOF-TfktFmCyGJOWOvHn8syzQVddyqf2mdRXC4qkhH_zgcye-ooVwCtnuLSca2QWrKv43AfbHE0SzQ1bMv9er7ycvtLid673ui3DCH4pXS3oNRYAl3abD6sVnuWhTLIAnLmHZ_hO0Y.oGJL7N4bwMH8XLzHaMss_jCL7Z7OSheZzHbt61ZBRto&dib_tag=se&keywords=lipstick&qid=1770730019&sprefix=lipstic,aps,435&sr=8-4-spons&aref=yOwtan0gYS&sp_csd=d2lkZ2V0TmFtZT1zcF9hdGY&psc=1",B0DSKWSTGP,https://m.media-amazon.com/images/I/71HdsMYrSFL._AC_UL320_.jpg,True,₹407,4.4/5
"Blue Heaven Get Matte Lipstick, Long Lasting, Light Weight Lipsticks for Women, Moisturizing Matte Lipstick for Women - 202M, 4g",same as title,https://www.amazon.in/Blue-Heaven-Matte-Lipstick-202M/dp/B0CRZ728JX/ref=sr_1_5?crid=1UPZEIOSR28PW&dib=eyJ2IjoiMSJ9.UEw53yhaVFJXiA5LPFzTnEFzcY2v-EGtKdBv6LzJIPvcujo__TNYbridLeAJ5Z1ZcWUASBhsl9EA1LSl4d91cbsoUI6o19irI7mPZ4LEyAcasbR5XJXiSfj6dIi9orvXMAs7TKm_QyIffIQTjj7W-mZOUK1HF6In0gOF-TfktFmCyGJOWOvHn8syzQVddyqf2mdRXC4qkhH_zgcye-ooVwCtnuLSca2QWrKv43AfbHE0SzQ1bMv9er7ycvtLid673ui3DCH4pXS3oNRYAl3abD6sVnuWhTLIAnLmHZ_hO0Y.oGJL7N4bwMH8XLzHaMss_jCL7Z7OSheZzHbt61ZBRto&dib_tag=se&keywords=lipstick&qid=1770730019&sprefix=lipstic%2Caps%2C435&sr=8-5,B0CRZ728JX,https://m.media-amazon.com/images/I/41vn7VglRlL._AC_UL320_.jpg,False,₹94,4.1/5
"Maybelline New York Color Sensational Creamy Matte Lipstick lasts up to 12 Hours, Hydrate Lips, Rich Creamy Lipstick with Shea Butter, Available in 42 Shades - 507 Almond Pink, 3.9g",same as title,https://www.amazon.in/Maybelline-Sensational-Powder-Lipstick-Almond/dp/B078QB5DC7/ref=sr_1_6?crid=1UPZEIOSR28PW&dib=eyJ2IjoiMSJ9.UEw53yhaVFJXiA5LPFzTnEFzcY2v-EGtKdBv6LzJIPvcujo__TNYbridLeAJ5Z1ZcWUASBhsl9EA1LSl4d91cbsoUI6o19irI7mPZ4LEyAcasbR5XJXiSfj6dIi9orvXMAs7TKm_QyIffIQTjj7W-mZOUK1HF6In0gOF-TfktFmCyGJOWOvHn8syzQVddyqf2mdRXC4qkhH_zgcye-ooVwCtnuLSca2QWrKv43AfbHE0SzQ1bMv9er7ycvtLid673ui3DCH4pXS3oNRYAl3abD6sVnuWhTLIAnLmHZ_hO0Y.oGJL7N4bwMH8XLzHaMss_jCL7Z7OSheZzHbt61ZBRto&dib_tag=se&keywords=lipstick&qid=1770730019&sprefix=lipstic%2Caps%2C435&sr=8-6,B078QB5DC7,https://m.media-amazon.com/images/I/51jD170ZkGL._AC_UL320_.jpg,False,₹193,4.1/5
"FACESCANADA Comfy Matte Wow Liquid Lipstick - Cocoa Crush 07, 3.8Ml | One Swipe Application | Highly Pigmented | Comfortable Wear | Glides Smoothly | Long Lasting | Transferproof",same as title,https://www.amazon.in/FACES-CANADA-Comfy-Liquid-Lipstick/dp/B0D4F77ZLB/ref=sr_1_7?crid=1UPZEIOSR28PW&dib=eyJ2IjoiMSJ9.UEw53yhaVFJXiA5LPFzTnEFzcY2v-EGtKdBv6LzJIPvcujo__TNYbridLeAJ5Z1ZcWUASBhsl9EA1LSl4d91cbsoUI6o19irI7mPZ4LEyAcasbR5XJXiSfj6dIi9orvXMAs7TKm_QyIffIQTjj7W-mZOUK1HF6In0gOF-TfktFmCyGJOWOvHn8syzQVddyqf2mdRXC4qkhH_zgcye-ooVwCtnuLSca2QWrKv43AfbHE0SzQ1bMv9er7ycvtLid673ui3DCH4pXS3oNRYAl3abD6sVnuWhTLIAnLmHZ_hO0Y.oGJL7N4bwMH8XLzHaMss_jCL7Z7OSheZzHbt61ZBRto&dib_tag=se&keywords=lipstick&qid=1770730019&sprefix=lipstic%2Caps%2C435&sr=8-7,B0D4F77ZLB,https://m.media-amazon.com/images/I/6128ANXX0mL._AC_UL320_.jpg,False,₹229,4.2/5
"Blue Heaven Intense Matte Lipstick, Chocolate Swirl,307, 4g",same as title,https://www.amazon.in/Blue-Heaven-Intense-Lipstick-Chocolate/dp/B08M4C8CHN/ref=sr_1_8?crid=1UPZEIOSR28PW&dib=eyJ2IjoiMSJ9.UEw53yhaVFJXiA5LPFzTnEFzcY2v-EGtKdBv6LzJIPvcujo__TNYbridLeAJ5Z1ZcWUASBhsl9EA1LSl4d91cbsoUI6o19irI7mPZ4LEyAcasbR5XJXiSfj6dIi9orvXMAs7TKm_QyIffIQTjj7W-mZOUK1HF6In0gOF-TfktFmCyGJOWOvHn8syzQVddyqf2mdRXC4qkhH_zgcye-ooVwCtnuLSca2QWrKv43AfbHE0SzQ1bMv9er7ycvtLid673ui3DCH4pXS3oNRYAl3abD6sVnuWhTLIAnLmHZ_hO0Y.oGJL7N4bwMH8XLzHaMss_jCL7Z7OSheZzHbt61ZBRto&dib_tag=se&keywords=lipstick&qid=1770730019&sprefix=lipstic%2Caps%2C435&sr=8-8,B08M4C8CHN,https://m.media-amazon.com/images/I/61bQr89dQNL._AC_UL320_.jpg,False,₹74,3.7/5
"Lakme Powerplay Priming Matte Lipstick, Smooth Matte Finish, Lightweight Lipstick, Smudgeproof, Lasts 16hrs, Hydrates Lips, Pink Party, 3.6g",same as title,https://www.amazon.in/Powerplay-Lipstick-Lightweight-Smudgeproof-Hydrates/dp/B08N828TK7/ref=sr_1_9?crid=1UPZEIOSR28PW&dib=eyJ2IjoiMSJ9.UEw53yhaVFJXiA5LPFzTnEFzcY2v-EGtKdBv6LzJIPvcujo__TNYbridLeAJ5Z1ZcWUASBhsl9EA1LSl4d91cbsoUI6o19irI7mPZ4LEyAcasbR5XJXiSfj6dIi9orvXMAs7TKm_QyIffIQTjj7W-mZOUK1HF6In0gOF-TfktFmCyGJOWOvHn8syzQVddyqf2mdRXC4qkhH_zgcye-ooVwCtnuLSca2QWrKv43AfbHE0SzQ1bMv9er7ycvtLid673ui3DCH4pXS3oNRYAl3abD6sVnuWhTLIAnLmHZ_hO0Y.oGJL7N4bwMH8XLzHaMss_jCL7Z7OSheZzHbt61ZBRto&dib_tag=se&keywords=lipstick&qid=1770730019&sprefix=lipstic%2Caps%2C435&sr=8-9,B08N828TK7,https://m.media-amazon.com/images/I/511EHhcnpAL._AC_UL320_.jpg,False,₹253,4.0/5
"RENEE Very Matte Lipstick - Bare Mocha, Intense Color Pay Off, Full Coverage, Long Lasting & Weightless, Easy Glide Formula With Velvety Finish, Suitable for All Occasion, Ideal For Gifting",same as title,https://www.amazon.in/RENEE-Very-Matte-Lipstick-Weightless/dp/B0F4RG6V6J/ref=sr_1_10?crid=1UPZEIOSR28PW&dib=eyJ2IjoiMSJ9.UEw53yhaVFJXiA5LPFzTnEFzcY2v-EGtKdBv6LzJIPvcujo__TNYbridLeAJ5Z1ZcWUASBhsl9EA1LSl4d91cbsoUI6o19irI7mPZ4LEyAcasbR5XJXiSfj6dIi9orvXMAs7TKm_QyIffIQTjj7W-mZOUK1HF6In0gOF-TfktFmCyGJOWOvHn8syzQVddyqf2mdRXC4qkhH_zgcye-ooVwCtnuLSca2QWrKv43AfbHE0SzQ1bMv9er7ycvtLid673ui3DCH4pXS3oNRYAl3abD6sVnuWhTLIAnLmHZ_hO0Y.oGJL7N4bwMH8XLzHaMss_jCL7Z7OSheZzHbt61ZBRto&dib_tag=se&keywords=lipstick&qid=1770730019&sprefix=lipstic%2Caps%2C435&sr=8-10,B0F4RG6V6J,https://m.media-amazon.com/images/I/61VySG3-o9L._AC_UL320_.jpg,False,₹175,3.8/5
"Maybelline New York Serum Lipstick (Satin) 8Hr weightless hydration, One-swipe bold color, Mauve - 103 Make it Work, 4.2g",same as title,https://www.amazon.in/Maybelline-Lipstick-weightless-hydration-One-swipe/dp/B0FPX9J4WR/ref=sr_1_11?crid=1UPZEIOSR28PW&dib=eyJ2IjoiMSJ9.UEw53yhaVFJXiA5LPFzTnEFzcY2v-EGtKdBv6LzJIPvcujo__TNYbridLeAJ5Z1ZcWUASBhsl9EA1LSl4d91cbsoUI6o19irI7mPZ4LEyAcasbR5XJXiSfj6dIi9orvXMAs7TKm_QyIffIQTjj7W-mZOUK1HF6In0gOF-TfktFmCyGJOWOvHn8syzQVddyqf2mdRXC4qkhH_zgcye-ooVwCtnuLSca2QWrKv43AfbHE0SzQ1bMv9er7ycvtLid673ui3DCH4pXS3oNRYAl3abD6sVnuWhTLIAnLmHZ_hO0Y.oGJL7N4bwMH8XLzHaMss_jCL7Z7OSheZzHbt61ZBRto&dib_tag=se&keywords=lipstick&qid=1770730019&sprefix=lipstic%2Caps%2C435&sr=8-11,B0FPX9J4WR,https://m.media-amazon.com/images/I/41ug4CGFo4L._AC_UL320_.jpg,False,₹500,4.9/5
MARS Matte Muse Mousse Lipstick (3ml) (09-SUPER STAR) with Doe-Foot Applicator | Highly Pigmented | Smooth Texture | Hydrating Formula | Blurry Lips Effect,same as title,https://www.amazon.in/MARS-Lipstick-Applicator-Pigmented-Hydrating/dp/B0DQTQN3NP/ref=sr_1_12?crid=1UPZEIOSR28PW&dib=eyJ2IjoiMSJ9.UEw53yhaVFJXiA5LPFzTnEFzcY2v-EGtKdBv6LzJIPvcujo__TNYbridLeAJ5Z1ZcWUASBhsl9EA1LSl4d91cbsoUI6o19irI7mPZ4LEyAcasbR5XJXiSfj6dIi9orvXMAs7TKm_QyIffIQTjj7W-mZOUK1HF6In0gOF-TfktFmCyGJOWOvHn8syzQVddyqf2mdRXC4qkhH_zgcye-ooVwCtnuLSca2QWrKv43AfbHE0SzQ1bMv9er7ycvtLid673ui3DCH4pXS3oNRYAl3abD6sVnuWhTLIAnLmHZ_hO0Y.oGJL7N4bwMH8XLzHaMss_jCL7Z7OSheZzHbt61ZBRto&dib_tag=se&keywords=lipstick&qid=1770730019&sprefix=lipstic%2Caps%2C435&sr=8-12,B0DQTQN3NP,https://m.media-amazon.com/images/I/71bHgYIdCmL._AC_UL320_.jpg,False,₹248,4.0/5
"Maybelline New York Sensational Liquid Matte Lipstick, Non-sticky, Non-drying Lipstick, Hassle-Free & Precise Application, Long-lasting Liquid Matte Lipstick - Nude Nuance|7ml",same as title,https://www.amazon.in/Maybelline-Sensational-Liquid-Lipstick-Nuance/dp/B099FNN755/ref=sr_1_13?crid=1UPZEIOSR28PW&dib=eyJ2IjoiMSJ9.UEw53yhaVFJXiA5LPFzTnEFzcY2v-EGtKdBv6LzJIPvcujo__TNYbridLeAJ5Z1ZcWUASBhsl9EA1LSl4d91cbsoUI6o19irI7mPZ4LEyAcasbR5XJXiSfj6dIi9orvXMAs7TKm_QyIffIQTjj7W-mZOUK1HF6In0gOF-TfktFmCyGJOWOvHn8syzQVddyqf2mdRXC4qkhH_zgcye-ooVwCtnuLSca2QWrKv43AfbHE0SzQ1bMv9er7ycvtLid673ui3DCH4pXS3oNRYAl3abD6sVnuWhTLIAnLmHZ_hO0Y.oGJL7N4bwMH8XLzHaMss_jCL7Z7OSheZzHbt61ZBRto&dib_tag=se&keywords=lipstick&qid=1770730019&sprefix=lipstic%2Caps%2C435&sr=8-13,B099FNN755,https://m.media-amazon.com/images/I/41sXjSVQrbL._AC_UL320_.jpg,False,₹214,4.0/5
"Elle 18 Lit Lip, Matte Finish, Nude Pumps, 16 hrs Long Lasting Liquid Lipstick, Smudge and Transfer Proof Lipstick, One-stroke application, Quick Drying | 5.6 ml",same as title,https://www.amazon.in/Elle-18-Lipstick-One-stroke-application/dp/B09J197WMZ/ref=sr_1_14?crid=1UPZEIOSR28PW&dib=eyJ2IjoiMSJ9.UEw53yhaVFJXiA5LPFzTnEFzcY2v-EGtKdBv6LzJIPvcujo__TNYbridLeAJ5Z1ZcWUASBhsl9EA1LSl4d91cbsoUI6o19irI7mPZ4LEyAcasbR5XJXiSfj6dIi9orvXMAs7TKm_QyIffIQTjj7W-mZOUK1HF6In0gOF-TfktFmCyGJOWOvHn8syzQVddyqf2mdRXC4qkhH_zgcye-ooVwCtnuLSca2QWrKv43AfbHE0SzQ1bMv9er7ycvtLid673ui3DCH4pXS3oNRYAl3abD6sVnuWhTLIAnLmHZ_hO0Y.oGJL7N4bwMH8XLzHaMss_jCL7Z7OSheZzHbt61ZBRto&dib_tag=se&keywords=lipstick&qid=1770730019&sprefix=lipstic%2Caps%2C435&sr=8-14,B09J197WMZ,https://m.media-amazon.com/images/I/51LE8j5pHYL._AC_UL320_.jpg,False,₹112,3.9/5
"Blue Heaven Matte Love Mini Lipsticks pack of 10 | Long Lasting, Hydrating & Moisturizing Mini Roll on Lipsticks for Women | Soft-Matte Finish | 13g",same as title,https://www.amazon.in/Blue-Heaven-Lipsticks-Hydrating-Moisturizing/dp/B0BX6SHPS8/ref=sr_1_15?crid=1UPZEIOSR28PW&dib=eyJ2IjoiMSJ9.UEw53yhaVFJXiA5LPFzTnEFzcY2v-EGtKdBv6LzJIPvcujo__TNYbridLeAJ5Z1ZcWUASBhsl9EA1LSl4d91cbsoUI6o19irI7mPZ4LEyAcasbR5XJXiSfj6dIi9orvXMAs7TKm_QyIffIQTjj7W-mZOUK1HF6In0gOF-TfktFmCyGJOWOvHn8syzQVddyqf2mdRXC4qkhH_zgcye-ooVwCtnuLSca2QWrKv43AfbHE0SzQ1bMv9er7ycvtLid673ui3DCH4pXS3oNRYAl3abD6sVnuWhTLIAnLmHZ_hO0Y.oGJL7N4bwMH8XLzHaMss_jCL7Z7OSheZzHbt61ZBRto&dib_tag=se&keywords=lipstick&qid=1770730019&sprefix=lipstic%2Caps%2C435&sr=8-15,B0BX6SHPS8,https://m.media-amazon.com/images/I/61vc8xowYUL._AC_UL320_.jpg,False,₹255,4.0/5
Blue Heaven Hyper Stay Weightless Liquid Matte Lipstick | Long-lasting Matte Finish | Non-Transfer Matte Lipstick for Women | Non-Sticky & Smudge Proof | Mystic Maroon-05 | 6ml,same as title,https://www.amazon.in/Blue-Heaven-Hyperstay-Matte-Maroon-05/dp/B08WMYMGTB/ref=sr_1_16?crid=1UPZEIOSR28PW&dib=eyJ2IjoiMSJ9.UEw53yhaVFJXiA5LPFzTnEFzcY2v-EGtKdBv6LzJIPvcujo__TNYbridLeAJ5Z1ZcWUASBhsl9EA1LSl4d91cbsoUI6o19irI7mPZ4LEyAcasbR5XJXiSfj6dIi9orvXMAs7TKm_QyIffIQTjj7W-mZOUK1HF6In0gOF-TfktFmCyGJOWOvHn8syzQVddyqf2mdRXC4qkhH_zgcye-ooVwCtnuLSca2QWrKv43AfbHE0SzQ1bMv9er7ycvtLid673ui3DCH4pXS3oNRYAl3abD6sVnuWhTLIAnLmHZ_hO0Y.oGJL7N4bwMH8XLzHaMss_jCL7Z7OSheZzHbt61ZBRto&dib_tag=se&keywords=lipstick&qid=1770730019&sprefix=lipstic%2Caps%2C435&sr=8-16,B08WMYMGTB,https://m.media-amazon.com/images/I/41Y-UaMv-rL._AC_UL320_.jpg,False,₹108,3.8/5
"Maybelline High-Glossy New York Superstay Vinyl Ink Liquid Lipstick Lippy Instant Shine & Transfer Proof. Last Up To 16Hr, Enriched With Vitamin E & Aloe | 4.2Ml",same as title,https://www.amazon.in/Maybelline-Lipstick-Enriched-Vitamin-SuperStay/dp/B0B9R5F73S/ref=sr_1_17?crid=1UPZEIOSR28PW&dib=eyJ2IjoiMSJ9.UEw53yhaVFJXiA5LPFzTnEFzcY2v-EGtKdBv6LzJIPvcujo__TNYbridLeAJ5Z1ZcWUASBhsl9EA1LSl4d91cbsoUI6o19irI7mPZ4LEyAcasbR5XJXiSfj6dIi9orvXMAs7TKm_QyIffIQTjj7W-mZOUK1HF6In0gOF-TfktFmCyGJOWOvHn8syzQVddyqf2mdRXC4qkhH_zgcye-ooVwCtnuLSca2QWrKv43AfbHE0SzQ1bMv9er7ycvtLid673ui3DCH4pXS3oNRYAl3abD6sVnuWhTLIAnLmHZ_hO0Y.oGJL7N4bwMH8XLzHaMss_jCL7Z7OSheZzHbt61ZBRto&dib_tag=se&keywords=lipstick&qid=1770730019&sprefix=lipstic%2Caps%2C435&sr=8-17,B0B9R5F73S,https://m.media-amazon.com/images/I/51Rr4DPmL-L._AC_UL320_.jpg,False,₹466,4.0/5
Lakme Cushion Matte lip MauveLove,same as title,https://www.amazon.in/LAKM%C3%89-LEPY100-Lipstick-MauveLove-Matte/dp/B0CJ2J2DNV/ref=sr_1_18?crid=1UPZEIOSR28PW&dib=eyJ2IjoiMSJ9.UEw53yhaVFJXiA5LPFzTnEFzcY2v-EGtKdBv6LzJIPvcujo__TNYbridLeAJ5Z1ZcWUASBhsl9EA1LSl4d91cbsoUI6o19irI7mPZ4LEyAcasbR5XJXiSfj6dIi9orvXMAs7TKm_QyIffIQTjj7W-mZOUK1HF6In0gOF-TfktFmCyGJOWOvHn8syzQVddyqf2mdRXC4qkhH_zgcye-ooVwCtnuLSca2QWrKv43AfbHE0SzQ1bMv9er7ycvtLid673ui3DCH4pXS3oNRYAl3abD6sVnuWhTLIAnLmHZ_hO0Y.oGJL7N4bwMH8XLzHaMss_jCL7Z7OSheZzHbt61ZBRto&dib_tag=se&keywords=lipstick&qid=1770730019&sprefix=lipstic%2Caps%2C435&sr=8-18,B0CJ2J2DNV,https://m.media-amazon.com/images/I/51AePYgKF6L._AC_UL320_.jpg,False,₹243,4.0/5
"Swiss Beauty Satin Comfort Lipstick | Ultra-Hydrating | Highly Pigmented | Smooth Glide | Satin Matte Finish | One-Swipe Application | Shade- 20 Night Wine, 3gm",same as title,https://www.amazon.in/Lipstick-Ultra-Hydrating-Pigmented-One-Swipe-Application/dp/B0F7LB2Q5N/ref=sr_1_19?crid=1UPZEIOSR28PW&dib=eyJ2IjoiMSJ9.UEw53yhaVFJXiA5LPFzTnEFzcY2v-EGtKdBv6LzJIPvcujo__TNYbridLeAJ5Z1ZcWUASBhsl9EA1LSl4d91cbsoUI6o19irI7mPZ4LEyAcasbR5XJXiSfj6dIi9orvXMAs7TKm_QyIffIQTjj7W-mZOUK1HF6In0gOF-TfktFmCyGJOWOvHn8syzQVddyqf2mdRXC4qkhH_zgcye-ooVwCtnuLSca2QWrKv43AfbHE0SzQ1bMv9er7ycvtLid673ui3DCH4pXS3oNRYAl3abD6sVnuWhTLIAnLmHZ_hO0Y.oGJL7N4bwMH8XLzHaMss_jCL7Z7OSheZzHbt61ZBRto&dib_tag=se&keywords=lipstick&qid=1770730019&sprefix=lipstic%2Caps%2C435&sr=8-19,B0F7LB2Q5N,https://m.media-amazon.com/images/I/51d236Kz3uL._AC_UL320_.jpg,False,₹199,4.1/5
Pilgrim Glitter Lipstick For Women 4.2gm | Dubai Luxe Lifestyle - The Khalifa Shade | Lipstick Infused with Vitamin E & Olive Oil | Glitter Formula With Matte Finish | Non Drying | All Skin Types,same as title,https://www.amazon.in/Pilgrim-Glitter-Lipstick-Women-Lifestyle/dp/B0DNQ3NWDX/ref=sr_1_20?crid=1UPZEIOSR28PW&dib=eyJ2IjoiMSJ9.UEw53yhaVFJXiA5LPFzTnEFzcY2v-EGtKdBv6LzJIPvcujo__TNYbridLeAJ5Z1ZcWUASBhsl9EA1LSl4d91cbsoUI6o19irI7mPZ4LEyAcasbR5XJXiSfj6dIi9orvXMAs7TKm_QyIffIQTjj7W-mZOUK1HF6In0gOF-TfktFmCyGJOWOvHn8syzQVddyqf2mdRXC4qkhH_zgcye-ooVwCtnuLSca2QWrKv43AfbHE0SzQ1bMv9er7ycvtLid673ui3DCH4pXS3oNRYAl3abD6sVnuWhTLIAnLmHZ_hO0Y.oGJL7N4bwMH8XLzHaMss_jCL7Z7OSheZzHbt61ZBRto&dib_tag=se&keywords=lipstick&qid=1770730019&sprefix=lipstic%2Caps%2C435&sr=8-20,B0DNQ3NWDX,https://m.media-amazon.com/images/I/51a7uia+rHL._AC_UL320_.jpg,False,₹439,4.0/5
"Swiss Beauty Non Tranfer Lipstick Long Stay & Smooth, Royal-Maroon, 3G Matte Finish",same as title,"https://www.amazon.in/Beauty-Tranfer-Lipstick-Smooth-Royal-Maroon/dp/B07T96KW9Y/ref=sr_1_21_sspa?crid=1UPZEIOSR28PW&dib=eyJ2IjoiMSJ9.UEw53yhaVFJXiA5LPFzTnEFzcY2v-EGtKdBv6LzJIPvcujo__TNYbridLeAJ5Z1ZcWUASBhsl9EA1LSl4d91cbsoUI6o19irI7mPZ4LEyAcasbR5XJXiSfj6dIi9orvXMAs7TKm_QyIffIQTjj7W-mZOUK1HF6In0gOF-TfktFmCyGJOWOvHn8syzQVddyqf2mdRXC4qkhH_zgcye-ooVwCtnuLSca2QWrKv43AfbHE0SzQ1bMv9er7ycvtLid673ui3DCH4pXS3oNRYAl3abD6sVnuWhTLIAnLmHZ_hO0Y.oGJL7N4bwMH8XLzHaMss_jCL7Z7OSheZzHbt61ZBRto&dib_tag=se&keywords=lipstick&qid=1770730019&sprefix=lipstic,aps,435&sr=8-21-spons&aref=SA6WuxzZ9g&sp_csd=d2lkZ2V0TmFtZT1zcF9tdGY&psc=1",B07T96KW9Y,https://m.media-amazon.com/images/I/51Ta3nEUgrL._AC_UL320_.jpg,True,₹299,3.9/5
Lakme 9 To 5 Primer + Matte Lipstick- Salmon Pink 3.6g,same as title,"https://www.amazon.in/LAKMÉ-Lipstick-Salmon-Pink-All/dp/B0CLRGLLSM/ref=sr_1_22_sspa?crid=1UPZEIOSR28PW&dib=eyJ2IjoiMSJ9.UEw53yhaVFJXiA5LPFzTnEFzcY2v-EGtKdBv6LzJIPvcujo__TNYbridLeAJ5Z1ZcWUASBhsl9EA1LSl4d91cbsoUI6o19irI7mPZ4LEyAcasbR5XJXiSfj6dIi9orvXMAs7TKm_QyIffIQTjj7W-mZOUK1HF6In0gOF-TfktFmCyGJOWOvHn8syzQVddyqf2mdRXC4qkhH_zgcye-ooVwCtnuLSca2QWrKv43AfbHE0SzQ1bMv9er7ycvtLid673ui3DCH4pXS3oNRYAl3abD6sVnuWhTLIAnLmHZ_hO0Y.oGJL7N4bwMH8XLzHaMss_jCL7Z7OSheZzHbt61ZBRto&dib_tag=se&keywords=lipstick&qid=1770730019&sprefix=lipstic,aps,435&sr=8-22-spons&aref=3jLVdVvbSM&sp_csd=d2lkZ2V0TmFtZT1zcF9tdGY&psc=1",B0CLRGLLSM,https://m.media-amazon.com/images/I/51Io1cY3FEL._AC_UL320_.jpg,True,₹378,4.0/5
"Maybelline High-Glossy New York Superstay Vinyl Ink Liquid Lipstick Lippy Instant Shine & Transfer Proof. Last Up To 16Hr, Enriched With Vitamin E & Aloe | 4.2Ml",same as title,"https://www.amazon.in/Maybelline-Lipstick-Enriched-Vitamin-SuperStay/dp/B0B9R5F73S/ref=sr_1_23_sspa?crid=1UPZEIOSR28PW&dib=eyJ2IjoiMSJ9.UEw53yhaVFJXiA5LPFzTnEFzcY2v-EGtKdBv6LzJIPvcujo__TNYbridLeAJ5Z1ZcWUASBhsl9EA1LSl4d91cbsoUI6o19irI7mPZ4LEyAcasbR5XJXiSfj6dIi9orvXMAs7TKm_QyIffIQTjj7W-mZOUK1HF6In0gOF-TfktFmCyGJOWOvHn8syzQVddyqf2mdRXC4qkhH_zgcye-ooVwCtnuLSca2QWrKv43AfbHE0SzQ1bMv9er7ycvtLid673ui3DCH4pXS3oNRYAl3abD6sVnuWhTLIAnLmHZ_hO0Y.oGJL7N4bwMH8XLzHaMss_jCL7Z7OSheZzHbt61ZBRto&dib_tag=se&keywords=lipstick&qid=1770730019&sprefix=lipstic,aps,435&sr=8-23-spons&aref=iyyxtPsC7K&sp_csd=d2lkZ2V0TmFtZT1zcF9tdGY&psc=1",B0B9R5F73S,https://m.media-amazon.com/images/I/51Rr4DPmL-L._AC_UL320_.jpg,True,₹466,4.0/5
"Maybelline New York SuperStay Matte Ink Liquid Lipstick - Enchanter 380, Highly pigmented, Transfer Proof & Fade Proof. Maybelline New York SuperStay Matte Ink Liquid Lipstick Lasts Up To 16Hr | 5ml",same as title,"https://www.amazon.in/Maybelline-Superstay-Matte-Brooklyn-Blush/dp/B09CLD61KG/ref=sr_1_24_sspa?crid=1UPZEIOSR28PW&dib=eyJ2IjoiMSJ9.UEw53yhaVFJXiA5LPFzTnEFzcY2v-EGtKdBv6LzJIPvcujo__TNYbridLeAJ5Z1ZcWUASBhsl9EA1LSl4d91cbsoUI6o19irI7mPZ4LEyAcasbR5XJXiSfj6dIi9orvXMAs7TKm_QyIffIQTjj7W-mZOUK1HF6In0gOF-TfktFmCyGJOWOvHn8syzQVddyqf2mdRXC4qkhH_zgcye-ooVwCtnuLSca2QWrKv43AfbHE0SzQ1bMv9er7ycvtLid673ui3DCH4pXS3oNRYAl3abD6sVnuWhTLIAnLmHZ_hO0Y.oGJL7N4bwMH8XLzHaMss_jCL7Z7OSheZzHbt61ZBRto&dib_tag=se&keywords=lipstick&qid=1770730019&sprefix=lipstic,aps,435&sr=8-24-spons&aref=8TEbUuEUCH&sp_csd=d2lkZ2V0TmFtZT1zcF9tdGY&psc=1",B09CLD61KG,https://m.media-amazon.com/images/I/51tH4dUKjUL._AC_UL320_.jpg,True,₹434,4.1/5
Staze 9to9 Gloss Lock 2-In-1 Liquid Lipstick | Lip Gloss For Long-Lasting Fuller & Plump Lips | Transfer-Proof&12h Long Stay With Intense Color Payoff | Lightweight & Comfortable | 05 I'm Happy | 7g,same as title,https://www.amazon.in/Staze-Long-Lasting-Pigmented-Lightweight-Comfortable/dp/B0DK3FT4WL/ref=sr_1_25?crid=1UPZEIOSR28PW&dib=eyJ2IjoiMSJ9.UEw53yhaVFJXiA5LPFzTnEFzcY2v-EGtKdBv6LzJIPvcujo__TNYbridLeAJ5Z1ZcWUASBhsl9EA1LSl4d91cbsoUI6o19irI7mPZ4LEyAcasbR5XJXiSfj6dIi9orvXMAs7TKm_QyIffIQTjj7W-mZOUK1HF6In0gOF-TfktFmCyGJOWOvHn8syzQVddyqf2mdRXC4qkhH_zgcye-ooVwCtnuLSca2QWrKv43AfbHE0SzQ1bMv9er7ycvtLid673ui3DCH4pXS3oNRYAl3abD6sVnuWhTLIAnLmHZ_hO0Y.oGJL7N4bwMH8XLzHaMss_jCL7Z7OSheZzHbt61ZBRto&dib_tag=se&keywords=lipstick&qid=1770730019&sprefix=lipstic%2Caps%2C435&sr=8-25,B0DK3FT4WL,https://m.media-amazon.com/images/I/51c-Re3Rl4L._AC_UL320_.jpg,False,₹409,4.0/5
"Maybelline New York Serum Lipstick (Matte) 8Hr weightless hydration, One-swipe bold color, Pink - 003 Open Late, 4.2g",same as title,https://www.amazon.in/Maybelline-Lipstick-weightless-hydration-One-swipe/dp/B0FPXBDMPW/ref=sr_1_26?crid=1UPZEIOSR28PW&dib=eyJ2IjoiMSJ9.UEw53yhaVFJXiA5LPFzTnEFzcY2v-EGtKdBv6LzJIPvcujo__TNYbridLeAJ5Z1ZcWUASBhsl9EA1LSl4d91cbsoUI6o19irI7mPZ4LEyAcasbR5XJXiSfj6dIi9orvXMAs7TKm_QyIffIQTjj7W-mZOUK1HF6In0gOF-TfktFmCyGJOWOvHn8syzQVddyqf2mdRXC4qkhH_zgcye-ooVwCtnuLSca2QWrKv43AfbHE0SzQ1bMv9er7ycvtLid673ui3DCH4pXS3oNRYAl3abD6sVnuWhTLIAnLmHZ_hO0Y.oGJL7N4bwMH8XLzHaMss_jCL7Z7OSheZzHbt61ZBRto&dib_tag=se&keywords=lipstick&qid=1770730019&sprefix=lipstic%2Caps%2C435&sr=8-26,B0FPXBDMPW,https://m.media-amazon.com/images/I/41t5lnuwKAL._AC_UL320_.jpg,False,₹500,4.9/5
SUGAR Cosmetics Glide Peptide Serum Lipstick with Hyaluronic Acid & Vitamin E | Velvet Matte Finish | Long Lasting & Pigmented | 1 Swipe Full Coverage | 4.2gm - 06 Moscow Mulberry,same as title,https://www.amazon.in/SUGAR-Cosmetics-Glide-Peptide-Lipstick/dp/B0DK77DKLD/ref=sr_1_27?crid=1UPZEIOSR28PW&dib=eyJ2IjoiMSJ9.UEw53yhaVFJXiA5LPFzTnEFzcY2v-EGtKdBv6LzJIPvcujo__TNYbridLeAJ5Z1ZcWUASBhsl9EA1LSl4d91cbsoUI6o19irI7mPZ4LEyAcasbR5XJXiSfj6dIi9orvXMAs7TKm_QyIffIQTjj7W-mZOUK1HF6In0gOF-TfktFmCyGJOWOvHn8syzQVddyqf2mdRXC4qkhH_zgcye-ooVwCtnuLSca2QWrKv43AfbHE0SzQ1bMv9er7ycvtLid673ui3DCH4pXS3oNRYAl3abD6sVnuWhTLIAnLmHZ_hO0Y.oGJL7N4bwMH8XLzHaMss_jCL7Z7OSheZzHbt61ZBRto&dib_tag=se&keywords=lipstick&qid=1770730019&sprefix=lipstic%2Caps%2C435&sr=8-27,B0DK77DKLD,https://m.media-amazon.com/images/I/61bSp++gfBL._AC_UL320_.jpg,False,₹400,4.4/5
"Swiss Beauty Pure Lustre Lipstick | High Shine Finish | Smooth Glide | With Olive Oil & Vitamin E | Hydrating | Shade- It's Bare, 3.8gm",same as title,https://www.amazon.in/Beauty-Lustre-Lipstick-Vitamin-Hydrating/dp/B0DM9FFB6P/ref=sr_1_28?crid=1UPZEIOSR28PW&dib=eyJ2IjoiMSJ9.UEw53yhaVFJXiA5LPFzTnEFzcY2v-EGtKdBv6LzJIPvcujo__TNYbridLeAJ5Z1ZcWUASBhsl9EA1LSl4d91cbsoUI6o19irI7mPZ4LEyAcasbR5XJXiSfj6dIi9orvXMAs7TKm_QyIffIQTjj7W-mZOUK1HF6In0gOF-TfktFmCyGJOWOvHn8syzQVddyqf2mdRXC4qkhH_zgcye-ooVwCtnuLSca2QWrKv43AfbHE0SzQ1bMv9er7ycvtLid673ui3DCH4pXS3oNRYAl3abD6sVnuWhTLIAnLmHZ_hO0Y.oGJL7N4bwMH8XLzHaMss_jCL7Z7OSheZzHbt61ZBRto&dib_tag=se&keywords=lipstick&qid=1770730019&sprefix=lipstic%2Caps%2C435&sr=8-28,B0DM9FFB6P,https://m.media-amazon.com/images/I/61bY9e7VXpL._AC_UL320_.jpg,False,₹314,4.1/5
"Elle 18 Color Pops Matte Lipstick, Code Red, Moisturising Bullet Matte, with Vitamin E, Highly Pigmented, Infused with Jojoba Oil and Shea Butter | 4.3 g",same as title,https://www.amazon.in/Elle-18-Color-Matte-Code/dp/B099K7QNDX/ref=sr_1_29?crid=1UPZEIOSR28PW&dib=eyJ2IjoiMSJ9.UEw53yhaVFJXiA5LPFzTnEFzcY2v-EGtKdBv6LzJIPvcujo__TNYbridLeAJ5Z1ZcWUASBhsl9EA1LSl4d91cbsoUI6o19irI7mPZ4LEyAcasbR5XJXiSfj6dIi9orvXMAs7TKm_QyIffIQTjj7W-mZOUK1HF6In0gOF-TfktFmCyGJOWOvHn8syzQVddyqf2mdRXC4qkhH_zgcye-ooVwCtnuLSca2QWrKv43AfbHE0SzQ1bMv9er7ycvtLid673ui3DCH4pXS3oNRYAl3abD6sVnuWhTLIAnLmHZ_hO0Y.oGJL7N4bwMH8XLzHaMss_jCL7Z7OSheZzHbt61ZBRto&dib_tag=se&keywords=lipstick&qid=1770730019&sprefix=lipstic%2Caps%2C435&sr=8-29,B099K7QNDX,https://m.media-amazon.com/images/I/51JkGKK3SnL._AC_UL320_.jpg,False,₹85,3.9/5
"Swiss Beauty Matte Long Lasting Stay Maxx Lip Crayon Lipstick | Matte Finish | Smudge Proof | Lightweight | Shade-Murphy Wine, 3.5g",same as title,https://www.amazon.in/Beauty-Lasting-Crayon-Lipstick-Shade/dp/B0F7LP881Q/ref=sr_1_30?crid=1UPZEIOSR28PW&dib=eyJ2IjoiMSJ9.UEw53yhaVFJXiA5LPFzTnEFzcY2v-EGtKdBv6LzJIPvcujo__TNYbridLeAJ5Z1ZcWUASBhsl9EA1LSl4d91cbsoUI6o19irI7mPZ4LEyAcasbR5XJXiSfj6dIi9orvXMAs7TKm_QyIffIQTjj7W-mZOUK1HF6In0gOF-TfktFmCyGJOWOvHn8syzQVddyqf2mdRXC4qkhH_zgcye-ooVwCtnuLSca2QWrKv43AfbHE0SzQ1bMv9er7ycvtLid673ui3DCH4pXS3oNRYAl3abD6sVnuWhTLIAnLmHZ_hO0Y.oGJL7N4bwMH8XLzHaMss_jCL7Z7OSheZzHbt61ZBRto&dib_tag=se&keywords=lipstick&qid=1770730019&sprefix=lipstic%2Caps%2C435&sr=8-30,B0F7LP881Q,https://m.media-amazon.com/images/I/61zq2q9MCpL._AC_UL320_.jpg,False,₹227,4.5/5
Mamaearth Moisture Matte Longstay Mini Lipstick with Avocado Oil & Vitamin E for 12 Hour Long Stay-08 Pink Tulip - 0.7 g,same as title,https://www.amazon.in/Mamaearth-Moisture-Longstay-Lipstick-Avocado/dp/B0DGX74RFZ/ref=sr_1_31?crid=1UPZEIOSR28PW&dib=eyJ2IjoiMSJ9.UEw53yhaVFJXiA5LPFzTnEFzcY2v-EGtKdBv6LzJIPvcujo__TNYbridLeAJ5Z1ZcWUASBhsl9EA1LSl4d91cbsoUI6o19irI7mPZ4LEyAcasbR5XJXiSfj6dIi9orvXMAs7TKm_QyIffIQTjj7W-mZOUK1HF6In0gOF-TfktFmCyGJOWOvHn8syzQVddyqf2mdRXC4qkhH_zgcye-ooVwCtnuLSca2QWrKv43AfbHE0SzQ1bMv9er7ycvtLid673ui3DCH4pXS3oNRYAl3abD6sVnuWhTLIAnLmHZ_hO0Y.oGJL7N4bwMH8XLzHaMss_jCL7Z7OSheZzHbt61ZBRto&dib_tag=se&keywords=lipstick&qid=1770730019&sprefix=lipstic%2Caps%2C435&sr=8-31,B0DGX74RFZ,https://m.media-amazon.com/images/I/51s1rfdCy8L._AC_UL320_.jpg,False,₹307,4.0/5
"Maybelline New York Serum Lipstick (Satin) 8Hr weightless hydration, One-swipe bold color, Pink - 108 Fit Check, 4.2g",same as title,https://www.amazon.in/Maybelline-Lipstick-weightless-hydration-One-swipe/dp/B0FPX92FFK/ref=sr_1_32?crid=1UPZEIOSR28PW&dib=eyJ2IjoiMSJ9.UEw53yhaVFJXiA5LPFzTnEFzcY2v-EGtKdBv6LzJIPvcujo__TNYbridLeAJ5Z1ZcWUASBhsl9EA1LSl4d91cbsoUI6o19irI7mPZ4LEyAcasbR5XJXiSfj6dIi9orvXMAs7TKm_QyIffIQTjj7W-mZOUK1HF6In0gOF-TfktFmCyGJOWOvHn8syzQVddyqf2mdRXC4qkhH_zgcye-ooVwCtnuLSca2QWrKv43AfbHE0SzQ1bMv9er7ycvtLid673ui3DCH4pXS3oNRYAl3abD6sVnuWhTLIAnLmHZ_hO0Y.oGJL7N4bwMH8XLzHaMss_jCL7Z7OSheZzHbt61ZBRto&dib_tag=se&keywords=lipstick&qid=1770730019&sprefix=lipstic%2Caps%2C435&sr=8-32,B0FPX92FFK,https://m.media-amazon.com/images/I/412sjjlczJL._AC_UL320_.jpg,False,₹500,4.9/5
"Maybelline New York Superstay Teddy Tint - Lip and Cheek Color - Coffee Date, 5ml",same as title,https://www.amazon.in/Maybelline-York-Superstay-Teddy-Tint/dp/B0F6T8HPZX/ref=sr_1_33?crid=1UPZEIOSR28PW&dib=eyJ2IjoiMSJ9.UEw53yhaVFJXiA5LPFzTnEFzcY2v-EGtKdBv6LzJIPvcujo__TNYbridLeAJ5Z1ZcWUASBhsl9EA1LSl4d91cbsoUI6o19irI7mPZ4LEyAcasbR5XJXiSfj6dIi9orvXMAs7TKm_QyIffIQTjj7W-mZOUK1HF6In0gOF-TfktFmCyGJOWOvHn8syzQVddyqf2mdRXC4qkhH_zgcye-ooVwCtnuLSca2QWrKv43AfbHE0SzQ1bMv9er7ycvtLid673ui3DCH4pXS3oNRYAl3abD6sVnuWhTLIAnLmHZ_hO0Y.oGJL7N4bwMH8XLzHaMss_jCL7Z7OSheZzHbt61ZBRto&dib_tag=se&keywords=lipstick&qid=1770730019&sprefix=lipstic%2Caps%2C435&sr=8-33,B0F6T8HPZX,https://m.media-amazon.com/images/I/51Y1lhjET5L._AC_UL320_.jpg,False,₹601,3.8/5
"L’Oreal Paris Infallible Matte Resistance Liquid Lipstick- 635 Worth It Medium, 5ml",same as title,https://www.amazon.in/LOreal-Paris-Infallible-Resistance-Lipstick/dp/B0D6Y4MDLY/ref=sr_1_34?crid=1UPZEIOSR28PW&dib=eyJ2IjoiMSJ9.UEw53yhaVFJXiA5LPFzTnEFzcY2v-EGtKdBv6LzJIPvcujo__TNYbridLeAJ5Z1ZcWUASBhsl9EA1LSl4d91cbsoUI6o19irI7mPZ4LEyAcasbR5XJXiSfj6dIi9orvXMAs7TKm_QyIffIQTjj7W-mZOUK1HF6In0gOF-TfktFmCyGJOWOvHn8syzQVddyqf2mdRXC4qkhH_zgcye-ooVwCtnuLSca2QWrKv43AfbHE0SzQ1bMv9er7ycvtLid673ui3DCH4pXS3oNRYAl3abD6sVnuWhTLIAnLmHZ_hO0Y.oGJL7N4bwMH8XLzHaMss_jCL7Z7OSheZzHbt61ZBRto&dib_tag=se&keywords=lipstick&qid=1770730019&sprefix=lipstic%2Caps%2C435&sr=8-34,B0D6Y4MDLY,https://m.media-amazon.com/images/I/514ONnSumLL._AC_UL320_.jpg,False,₹749,4.2/5
"Parul Garg Beauty Ultimate 10-in-1 Mini Silk Matte Liquid Lipstick Set for Indian Skin Tone | Long-Lasting, Transfer-Proof | Perfect for Gifting & Special Occasions | Pack of 10, Multicolor",same as title,https://www.amazon.in/Parul-Garg-Multicolor-Long-Lasting-Transfer-Proof/dp/B0F9SRTPT3/ref=sr_1_35?crid=1UPZEIOSR28PW&dib=eyJ2IjoiMSJ9.UEw53yhaVFJXiA5LPFzTnEFzcY2v-EGtKdBv6LzJIPvcujo__TNYbridLeAJ5Z1ZcWUASBhsl9EA1LSl4d91cbsoUI6o19irI7mPZ4LEyAcasbR5XJXiSfj6dIi9orvXMAs7TKm_QyIffIQTjj7W-mZOUK1HF6In0gOF-TfktFmCyGJOWOvHn8syzQVddyqf2mdRXC4qkhH_zgcye-ooVwCtnuLSca2QWrKv43AfbHE0SzQ1bMv9er7ycvtLid673ui3DCH4pXS3oNRYAl3abD6sVnuWhTLIAnLmHZ_hO0Y.oGJL7N4bwMH8XLzHaMss_jCL7Z7OSheZzHbt61ZBRto&dib_tag=se&keywords=lipstick&qid=1770730019&sprefix=lipstic%2Caps%2C435&sr=8-35,B0F9SRTPT3,https://m.media-amazon.com/images/I/81RfyKcxMEL._AC_UL320_.jpg,False,₹990,4.3/5
MARS Queen of Mattes Lipstick Valentine Gift Items Box Set (3 x 4.5 ml) (BROWNS) | Smudgeproof & Transferproof | Intense Swipe Pigmentation | Long-Lasting Wear,same as title,https://www.amazon.in/MARS-Transferproof-Pigmentation-Long-Lasting-Customizable/dp/B0DSKWHFXS/ref=sr_1_36?crid=1UPZEIOSR28PW&dib=eyJ2IjoiMSJ9.UEw53yhaVFJXiA5LPFzTnEFzcY2v-EGtKdBv6LzJIPvcujo__TNYbridLeAJ5Z1ZcWUASBhsl9EA1LSl4d91cbsoUI6o19irI7mPZ4LEyAcasbR5XJXiSfj6dIi9orvXMAs7TKm_QyIffIQTjj7W-mZOUK1HF6In0gOF-TfktFmCyGJOWOvHn8syzQVddyqf2mdRXC4qkhH_zgcye-ooVwCtnuLSca2QWrKv43AfbHE0SzQ1bMv9er7ycvtLid673ui3DCH4pXS3oNRYAl3abD6sVnuWhTLIAnLmHZ_hO0Y.oGJL7N4bwMH8XLzHaMss_jCL7Z7OSheZzHbt61ZBRto&dib_tag=se&keywords=lipstick&qid=1770730019&sprefix=lipstic%2Caps%2C435&sr=8-36,B0DSKWHFXS,https://m.media-amazon.com/images/I/71KRRnZs1cL._AC_UL320_.jpg,False,₹429,4.4/5
MARS Plush Velvet Creamy Matte Lipstick for women | Smooth Glide | One Swipe Pigmentation | Non-Drying and Creamy Formula | Rich and Vibrant Color | 3.2 gm | (16-Dark Magic),same as title,https://www.amazon.in/MARS-Pigmention-Non-Drying-16-LS15-Dark-Magic/dp/B0CQYW97T6/ref=sr_1_37?crid=1UPZEIOSR28PW&dib=eyJ2IjoiMSJ9.UEw53yhaVFJXiA5LPFzTnEFzcY2v-EGtKdBv6LzJIPvcujo__TNYbridLeAJ5Z1ZcWUASBhsl9EA1LSl4d91cbsoUI6o19irI7mPZ4LEyAcasbR5XJXiSfj6dIi9orvXMAs7TKm_QyIffIQTjj7W-mZOUK1HF6In0gOF-TfktFmCyGJOWOvHn8syzQVddyqf2mdRXC4qkhH_zgcye-ooVwCtnuLSca2QWrKv43AfbHE0SzQ1bMv9er7ycvtLid673ui3DCH4pXS3oNRYAl3abD6sVnuWhTLIAnLmHZ_hO0Y.oGJL7N4bwMH8XLzHaMss_jCL7Z7OSheZzHbt61ZBRto&dib_tag=se&keywords=lipstick&qid=1770730019&sprefix=lipstic%2Caps%2C435&sr=8-37,B0CQYW97T6,https://m.media-amazon.com/images/I/51XN3wnLxYL._AC_UL320_.jpg,False,₹179,3.7/5
"Biotique Natural Makeup Magicolor Lipstick, Cookie Crumble, 4g",same as title,https://www.amazon.in/Biotique-Natural-Makeup-Magicolor-Lipstick/dp/B083PCHFTN/ref=sr_1_38?crid=1UPZEIOSR28PW&dib=eyJ2IjoiMSJ9.UEw53yhaVFJXiA5LPFzTnEFzcY2v-EGtKdBv6LzJIPvcujo__TNYbridLeAJ5Z1ZcWUASBhsl9EA1LSl4d91cbsoUI6o19irI7mPZ4LEyAcasbR5XJXiSfj6dIi9orvXMAs7TKm_QyIffIQTjj7W-mZOUK1HF6In0gOF-TfktFmCyGJOWOvHn8syzQVddyqf2mdRXC4qkhH_zgcye-ooVwCtnuLSca2QWrKv43AfbHE0SzQ1bMv9er7ycvtLid673ui3DCH4pXS3oNRYAl3abD6sVnuWhTLIAnLmHZ_hO0Y.oGJL7N4bwMH8XLzHaMss_jCL7Z7OSheZzHbt61ZBRto&dib_tag=se&keywords=lipstick&qid=1770730019&sprefix=lipstic%2Caps%2C435&sr=8-38,B083PCHFTN,https://m.media-amazon.com/images/I/61WOEfXD9xL._AC_UL320_.jpg,False,₹69,3.7/5
SUGAR Cosmetics Mettle Satin Lipstick | Highly Pigmented & Silky Matte Finish | Creamy Texture | Mango Butter Infused | 2.2 gm - 07 Gabriella (Soft Dusty Nude/Nude Pink),same as title,https://www.amazon.in/SUGAR-Cosmetics-Mettle-Satin-Lipstick/dp/B082VY9Q3X/ref=sr_1_39_in_f3_0o_fs_mod_primary_alm?crid=1UPZEIOSR28PW&dib=eyJ2IjoiMSJ9.UEw53yhaVFJXiA5LPFzTnEFzcY2v-EGtKdBv6LzJIPvcujo__TNYbridLeAJ5Z1ZcWUASBhsl9EA1LSl4d91cbsoUI6o19irI7mPZ4LEyAcasbR5XJXiSfj6dIi9orvXMAs7TKm_QyIffIQTjj7W-mZOUK1HF6In0gOF-TfktFmCyGJOWOvHn8syzQVddyqf2mdRXC4qkhH_zgcye-ooVwCtnuLSca2QWrKv43AfbHE0SzQ1bMv9er7ycvtLid673ui3DCH4pXS3oNRYAl3abD6sVnuWhTLIAnLmHZ_hO0Y.oGJL7N4bwMH8XLzHaMss_jCL7Z7OSheZzHbt61ZBRto&dib_tag=se&keywords=lipstick&qid=1770730019&sbo=m6DjfpMzMLDmL8pSMKX8hw%3D%3D&sprefix=lipstic%2Caps%2C435&sr=8-39,B082VY9Q3X,https://m.media-amazon.com/images/I/51q5dN7otDL._AC_UL320_.jpg,False,₹803,4.2/5
"FACESCANADA Ultime Pro Hd Intense Matte Lips + Primer - Espresso 03, 1.4G | 9Hr Long Stay | Primer Infused For Flawless Hd Matte Finish | Intense Color Lightweight Silky Smooth Cream Application",same as title,https://www.amazon.in/Facescanada-Ultime-Intense-Primer-Expresso/dp/B07J1X1FG2/ref=sr_1_40?crid=1UPZEIOSR28PW&dib=eyJ2IjoiMSJ9.UEw53yhaVFJXiA5LPFzTnEFzcY2v-EGtKdBv6LzJIPvcujo__TNYbridLeAJ5Z1ZcWUASBhsl9EA1LSl4d91cbsoUI6o19irI7mPZ4LEyAcasbR5XJXiSfj6dIi9orvXMAs7TKm_QyIffIQTjj7W-mZOUK1HF6In0gOF-TfktFmCyGJOWOvHn8syzQVddyqf2mdRXC4qkhH_zgcye-ooVwCtnuLSca2QWrKv43AfbHE0SzQ1bMv9er7ycvtLid673ui3DCH4pXS3oNRYAl3abD6sVnuWhTLIAnLmHZ_hO0Y.oGJL7N4bwMH8XLzHaMss_jCL7Z7OSheZzHbt61ZBRto&dib_tag=se&keywords=lipstick&qid=1770730019&sprefix=lipstic%2Caps%2C435&sr=8-40,B07J1X1FG2,https://m.media-amazon.com/images/I/616qxDHliaL._AC_UL320_.jpg,False,₹391,4.1/5
"Colorbar Lip Prime and Care, 2.5g |Combination | Smudge Proof | Long Wear | Transfer Proof | Ultra-Hydrating | Vitamins E and C",same as title,https://www.amazon.in/Colorbar-Combination-Transfer-Ultra-Hydrating-Vitamins/dp/B06VSV661Y/ref=sr_1_41?crid=1UPZEIOSR28PW&dib=eyJ2IjoiMSJ9.UEw53yhaVFJXiA5LPFzTnEFzcY2v-EGtKdBv6LzJIPvcujo__TNYbridLeAJ5Z1ZcWUASBhsl9EA1LSl4d91cbsoUI6o19irI7mPZ4LEyAcasbR5XJXiSfj6dIi9orvXMAs7TKm_QyIffIQTjj7W-mZOUK1HF6In0gOF-TfktFmCyGJOWOvHn8syzQVddyqf2mdRXC4qkhH_zgcye-ooVwCtnuLSca2QWrKv43AfbHE0SzQ1bMv9er7ycvtLid673ui3DCH4pXS3oNRYAl3abD6sVnuWhTLIAnLmHZ_hO0Y.oGJL7N4bwMH8XLzHaMss_jCL7Z7OSheZzHbt61ZBRto&dib_tag=se&keywords=lipstick&qid=1770730019&sprefix=lipstic%2Caps%2C435&sr=8-41,B06VSV661Y,https://m.media-amazon.com/images/I/61s-xxO3cYL._AC_UL320_.jpg,False,₹808,4.2/5
MARS Matte Box Set of 3 Lipsticks for Women | Long-Lasting | Smooth Finish | Moisturising | One Swipe Pigmentation | (3x3.2 gm) (01-Red & Maroon),same as title,https://www.amazon.in/MARS-Lipsticks-Long-Lasting-Moisturising-Pigmentation/dp/B0B1F22HSC/ref=sr_1_42?crid=1UPZEIOSR28PW&dib=eyJ2IjoiMSJ9.UEw53yhaVFJXiA5LPFzTnEFzcY2v-EGtKdBv6LzJIPvcujo__TNYbridLeAJ5Z1ZcWUASBhsl9EA1LSl4d91cbsoUI6o19irI7mPZ4LEyAcasbR5XJXiSfj6dIi9orvXMAs7TKm_QyIffIQTjj7W-mZOUK1HF6In0gOF-TfktFmCyGJOWOvHn8syzQVddyqf2mdRXC4qkhH_zgcye-ooVwCtnuLSca2QWrKv43AfbHE0SzQ1bMv9er7ycvtLid673ui3DCH4pXS3oNRYAl3abD6sVnuWhTLIAnLmHZ_hO0Y.oGJL7N4bwMH8XLzHaMss_jCL7Z7OSheZzHbt61ZBRto&dib_tag=se&keywords=lipstick&qid=1770730019&sprefix=lipstic%2Caps%2C435&sr=8-42,B0B1F22HSC,https://m.media-amazon.com/images/I/61-7jUuqqzL._AC_UL320_.jpg,False,₹344,4.1/5
"Maybelline New York Liquid Matte Lipstick, Long Lasting, 16hr Wear, Superstay Matte Ink, 65 Seductress, 5ml",same as title,https://www.amazon.in/Maybelline-Super-Liquid-Lipstick-Seductress/dp/B07DRRW7GJ/ref=sr_1_43?crid=1UPZEIOSR28PW&dib=eyJ2IjoiMSJ9.UEw53yhaVFJXiA5LPFzTnEFzcY2v-EGtKdBv6LzJIPvcujo__TNYbridLeAJ5Z1ZcWUASBhsl9EA1LSl4d91cbsoUI6o19irI7mPZ4LEyAcasbR5XJXiSfj6dIi9orvXMAs7TKm_QyIffIQTjj7W-mZOUK1HF6In0gOF-TfktFmCyGJOWOvHn8syzQVddyqf2mdRXC4qkhH_zgcye-ooVwCtnuLSca2QWrKv43AfbHE0SzQ1bMv9er7ycvtLid673ui3DCH4pXS3oNRYAl3abD6sVnuWhTLIAnLmHZ_hO0Y.oGJL7N4bwMH8XLzHaMss_jCL7Z7OSheZzHbt61ZBRto&dib_tag=se&keywords=lipstick&qid=1770730019&sprefix=lipstic%2Caps%2C435&sr=8-43,B07DRRW7GJ,https://m.media-amazon.com/images/I/510uH7kFnkL._AC_UL320_.jpg,False,₹426,4.1/5
SUGAR Cosmetics Matte as Hell Crayon Lipsticks for Women | Lasts Up To 8+ Hours | Lip Crayon with Sharpener | 2.8gm - 35 Claire Redfield,same as title,https://www.amazon.in/SUGAR-Cosmetics-Matte-Crayon-Lipstick/dp/B08BHTHY5C/ref=sr_1_44?crid=1UPZEIOSR28PW&dib=eyJ2IjoiMSJ9.UEw53yhaVFJXiA5LPFzTnEFzcY2v-EGtKdBv6LzJIPvcujo__TNYbridLeAJ5Z1ZcWUASBhsl9EA1LSl4d91cbsoUI6o19irI7mPZ4LEyAcasbR5XJXiSfj6dIi9orvXMAs7TKm_QyIffIQTjj7W-mZOUK1HF6In0gOF-TfktFmCyGJOWOvHn8syzQVddyqf2mdRXC4qkhH_zgcye-ooVwCtnuLSca2QWrKv43AfbHE0SzQ1bMv9er7ycvtLid673ui3DCH4pXS3oNRYAl3abD6sVnuWhTLIAnLmHZ_hO0Y.oGJL7N4bwMH8XLzHaMss_jCL7Z7OSheZzHbt61ZBRto&dib_tag=se&keywords=lipstick&qid=1770730019&sprefix=lipstic%2Caps%2C435&sr=8-44,B08BHTHY5C,https://m.media-amazon.com/images/I/61hQeIvozpL._AC_UL320_.jpg,False,₹789,4.2/5
Pilgrim Matte Bullet Lipstick Intense Colour Transferproof & Smudgeproof Alpha Brown -34,same as title,https://www.amazon.in/Pilgrim-Lipstick-Intense-Transferproof-Smudgeproof/dp/B0DD3PD11S/ref=sr_1_45?crid=1UPZEIOSR28PW&dib=eyJ2IjoiMSJ9.UEw53yhaVFJXiA5LPFzTnEFzcY2v-EGtKdBv6LzJIPvcujo__TNYbridLeAJ5Z1ZcWUASBhsl9EA1LSl4d91cbsoUI6o19irI7mPZ4LEyAcasbR5XJXiSfj6dIi9orvXMAs7TKm_QyIffIQTjj7W-mZOUK1HF6In0gOF-TfktFmCyGJOWOvHn8syzQVddyqf2mdRXC4qkhH_zgcye-ooVwCtnuLSca2QWrKv43AfbHE0SzQ1bMv9er7ycvtLid673ui3DCH4pXS3oNRYAl3abD6sVnuWhTLIAnLmHZ_hO0Y.oGJL7N4bwMH8XLzHaMss_jCL7Z7OSheZzHbt61ZBRto&dib_tag=se&keywords=lipstick&qid=1770730019&sprefix=lipstic%2Caps%2C435&sr=8-45,B0DD3PD11S,https://m.media-amazon.com/images/I/61TA3MTuaSL._AC_UL320_.jpg,False,₹417,4.1/5
"L'Oreal Paris Infallible Matte Resistance Liquid Lipstick, Lazy Sunday 150, 5 ml",same as title,https://www.amazon.in/LOreal-Paris-Infallible-Resistance-Lipstick/dp/B0BWK72GKL/ref=sr_1_46?crid=1UPZEIOSR28PW&dib=eyJ2IjoiMSJ9.UEw53yhaVFJXiA5LPFzTnEFzcY2v-EGtKdBv6LzJIPvcujo__TNYbridLeAJ5Z1ZcWUASBhsl9EA1LSl4d91cbsoUI6o19irI7mPZ4LEyAcasbR5XJXiSfj6dIi9orvXMAs7TKm_QyIffIQTjj7W-mZOUK1HF6In0gOF-TfktFmCyGJOWOvHn8syzQVddyqf2mdRXC4qkhH_zgcye-ooVwCtnuLSca2QWrKv43AfbHE0SzQ1bMv9er7ycvtLid673ui3DCH4pXS3oNRYAl3abD6sVnuWhTLIAnLmHZ_hO0Y.oGJL7N4bwMH8XLzHaMss_jCL7Z7OSheZzHbt61ZBRto&dib_tag=se&keywords=lipstick&qid=1770730019&sprefix=lipstic%2Caps%2C435&sr=8-46,B0BWK72GKL,https://m.media-amazon.com/images/I/61R4OGMIHqL._AC_UL320_.jpg,False,₹699,4.1/5
"Iba Long Stay Matte Lipstick for Women- M20 Truffle Candy, 4g | Creamy Matte Finish & Smooth Texture | Long-Lasting | Hydrated Lips | Enriched with Vitamin E | Intense Colour & Highly Pigmented | Lip Makeup",same as title,https://www.amazon.in/Iba-Long-lasting-hydrating-lightweight-Pigmented/dp/B095LN4B6W/ref=sr_1_47?crid=1UPZEIOSR28PW&dib=eyJ2IjoiMSJ9.UEw53yhaVFJXiA5LPFzTnEFzcY2v-EGtKdBv6LzJIPvcujo__TNYbridLeAJ5Z1ZcWUASBhsl9EA1LSl4d91cbsoUI6o19irI7mPZ4LEyAcasbR5XJXiSfj6dIi9orvXMAs7TKm_QyIffIQTjj7W-mZOUK1HF6In0gOF-TfktFmCyGJOWOvHn8syzQVddyqf2mdRXC4qkhH_zgcye-ooVwCtnuLSca2QWrKv43AfbHE0SzQ1bMv9er7ycvtLid673ui3DCH4pXS3oNRYAl3abD6sVnuWhTLIAnLmHZ_hO0Y.oGJL7N4bwMH8XLzHaMss_jCL7Z7OSheZzHbt61ZBRto&dib_tag=se&keywords=lipstick&qid=1770730019&sprefix=lipstic%2Caps%2C435&sr=8-47,B095LN4B6W,https://m.media-amazon.com/images/I/41mwkPfNVyL._AC_UL320_.jpg,False,₹280,3.9/5
MARS Popstar Non-Drying Liquid Mousse Lipstick for Women with Matte Finish | Lightweight and Non-Sticky Formula | Up to 12 Hour Long Lasting | Transferproof & Waterproof (6.0ml) (03-Chorus Girl),same as title,https://www.amazon.in/MARS-Non-Drying-Lightweight-Non-Sticky-Transferproof/dp/B0CQYYH1VH/ref=sr_1_48?crid=1UPZEIOSR28PW&dib=eyJ2IjoiMSJ9.UEw53yhaVFJXiA5LPFzTnEFzcY2v-EGtKdBv6LzJIPvcujo__TNYbridLeAJ5Z1ZcWUASBhsl9EA1LSl4d91cbsoUI6o19irI7mPZ4LEyAcasbR5XJXiSfj6dIi9orvXMAs7TKm_QyIffIQTjj7W-mZOUK1HF6In0gOF-TfktFmCyGJOWOvHn8syzQVddyqf2mdRXC4qkhH_zgcye-ooVwCtnuLSca2QWrKv43AfbHE0SzQ1bMv9er7ycvtLid673ui3DCH4pXS3oNRYAl3abD6sVnuWhTLIAnLmHZ_hO0Y.oGJL7N4bwMH8XLzHaMss_jCL7Z7OSheZzHbt61ZBRto&dib_tag=se&keywords=lipstick&qid=1770730019&sprefix=lipstic%2Caps%2C435&sr=8-48,B0CQYYH1VH,https://m.media-amazon.com/images/I/710P3bAGTLL._AC_UL320_.jpg,False,₹219,4.0/5
"Maybelline New York Superstay Matte Ink Liquid Lipstick - 16H Longwear Matte | Revolutionary, 5ml",same as title,https://www.amazon.in/Maybelline-Superstay-Matte-Liquid-Lipstick/dp/B07W59D16G/ref=sr_1_49?crid=1UPZEIOSR28PW&dib=eyJ2IjoiMSJ9.UEw53yhaVFJXiA5LPFzTnEFzcY2v-EGtKdBv6LzJIPvcujo__TNYbridLeAJ5Z1ZcWUASBhsl9EA1LSl4d91cbsoUI6o19irI7mPZ4LEyAcasbR5XJXiSfj6dIi9orvXMAs7TKm_QyIffIQTjj7W-mZOUK1HF6In0gOF-TfktFmCyGJOWOvHn8syzQVddyqf2mdRXC4qkhH_zgcye-ooVwCtnuLSca2QWrKv43AfbHE0SzQ1bMv9er7ycvtLid673ui3DCH4pXS3oNRYAl3abD6sVnuWhTLIAnLmHZ_hO0Y.oGJL7N4bwMH8XLzHaMss_jCL7Z7OSheZzHbt61ZBRto&dib_tag=se&keywords=lipstick&qid=1770730019&sprefix=lipstic%2Caps%2C435&sr=8-49,B07W59D16G,https://m.media-amazon.com/images/I/61MD9-dJFDL._AC_UL320_.jpg,False,₹712,4.1/5
"RENEE Madness Ph Lipstick | Black Lipstick With Glossy Pink Payoff| Long Lasting Nourishment, Enriched With Vitamin E & Jojoba Oil| Vegan & Paraben Free | 3gm",same as title,https://www.amazon.in/RENEE-Madness-lipstick-delivers-enriched/dp/B09RK7SCMD/ref=sr_1_50?crid=1UPZEIOSR28PW&dib=eyJ2IjoiMSJ9.UEw53yhaVFJXiA5LPFzTnEFzcY2v-EGtKdBv6LzJIPvcujo__TNYbridLeAJ5Z1ZcWUASBhsl9EA1LSl4d91cbsoUI6o19irI7mPZ4LEyAcasbR5XJXiSfj6dIi9orvXMAs7TKm_QyIffIQTjj7W-mZOUK1HF6In0gOF-TfktFmCyGJOWOvHn8syzQVddyqf2mdRXC4qkhH_zgcye-ooVwCtnuLSca2QWrKv43AfbHE0SzQ1bMv9er7ycvtLid673ui3DCH4pXS3oNRYAl3abD6sVnuWhTLIAnLmHZ_hO0Y.oGJL7N4bwMH8XLzHaMss_jCL7Z7OSheZzHbt61ZBRto&dib_tag=se&keywords=lipstick&qid=1770730019&sprefix=lipstic%2Caps%2C435&sr=8-50,B09RK7SCMD,https://m.media-amazon.com/images/I/51rRFRmyKgL._AC_UL320_.jpg,False,₹365,4.1/5
"REVLON Colorstay Limitless Matte Liquid Lipstick for woman, Waterproof, Long-Lasting, 100% Vegan, Lightweight, No-Budge Matte, Stir Me Up - (008)",same as title,https://www.amazon.in/REVLON-ColorStay-Limitless-Lightweight-Waterproof/dp/B0DFPYZD8R/ref=sr_1_51?crid=1UPZEIOSR28PW&dib=eyJ2IjoiMSJ9.UEw53yhaVFJXiA5LPFzTnEFzcY2v-EGtKdBv6LzJIPvcujo__TNYbridLeAJ5Z1ZcWUASBhsl9EA1LSl4d91cbsoUI6o19irI7mPZ4LEyAcasbR5XJXiSfj6dIi9orvXMAs7TKm_QyIffIQTjj7W-mZOUK1HF6In0gOF-TfktFmCyGJOWOvHn8syzQVddyqf2mdRXC4qkhH_zgcye-ooVwCtnuLSca2QWrKv43AfbHE0SzQ1bMv9er7ycvtLid673ui3DCH4pXS3oNRYAl3abD6sVnuWhTLIAnLmHZ_hO0Y.oGJL7N4bwMH8XLzHaMss_jCL7Z7OSheZzHbt61ZBRto&dib_tag=se&keywords=lipstick&qid=1770730019&sprefix=lipstic%2Caps%2C435&sr=8-51,B0DFPYZD8R,https://m.media-amazon.com/images/I/61X304E6gsL._AC_UL320_.jpg,False,"₹1,358",4.1/5
"RENEE Stay Forever Matte Liquid Lipstick Combo | Transfer & Smudge-Proof | Long Lasting | Infused with Vitamin E & Jojoba Oil | Perfect for Gifting, Wedding & Special Occasions | Travel Pack of 10",same as title,https://www.amazon.in/RENEE-Stay-Forever-Liquid-Lipstick/dp/B0CSTDN7PC/ref=sr_1_52?crid=1UPZEIOSR28PW&dib=eyJ2IjoiMSJ9.UEw53yhaVFJXiA5LPFzTnEFzcY2v-EGtKdBv6LzJIPvcujo__TNYbridLeAJ5Z1ZcWUASBhsl9EA1LSl4d91cbsoUI6o19irI7mPZ4LEyAcasbR5XJXiSfj6dIi9orvXMAs7TKm_QyIffIQTjj7W-mZOUK1HF6In0gOF-TfktFmCyGJOWOvHn8syzQVddyqf2mdRXC4qkhH_zgcye-ooVwCtnuLSca2QWrKv43AfbHE0SzQ1bMv9er7ycvtLid673ui3DCH4pXS3oNRYAl3abD6sVnuWhTLIAnLmHZ_hO0Y.oGJL7N4bwMH8XLzHaMss_jCL7Z7OSheZzHbt61ZBRto&dib_tag=se&keywords=lipstick&qid=1770730019&sprefix=lipstic%2Caps%2C435&sr=8-52,B0CSTDN7PC,https://m.media-amazon.com/images/I/51duXoFZEpL._AC_UL320_.jpg,False,₹622,4.0/5
"Lakmé Forever Matte Liquid Lip Colour, Nude Pink, 5.6 ml",same as title,https://www.amazon.in/Lakme-Forever-Matte-Liquid-Colour/dp/B0828VY9C8/ref=sr_1_53?crid=1UPZEIOSR28PW&dib=eyJ2IjoiMSJ9.UEw53yhaVFJXiA5LPFzTnEFzcY2v-EGtKdBv6LzJIPvcujo__TNYbridLeAJ5Z1ZcWUASBhsl9EA1LSl4d91cbsoUI6o19irI7mPZ4LEyAcasbR5XJXiSfj6dIi9orvXMAs7TKm_QyIffIQTjj7W-mZOUK1HF6In0gOF-TfktFmCyGJOWOvHn8syzQVddyqf2mdRXC4qkhH_zgcye-ooVwCtnuLSca2QWrKv43AfbHE0SzQ1bMv9er7ycvtLid673ui3DCH4pXS3oNRYAl3abD6sVnuWhTLIAnLmHZ_hO0Y.oGJL7N4bwMH8XLzHaMss_jCL7Z7OSheZzHbt61ZBRto&dib_tag=se&keywords=lipstick&qid=1770730019&sprefix=lipstic%2Caps%2C435&sr=8-53,B0828VY9C8,https://m.media-amazon.com/images/I/41wosv7bI1L._AC_UL320_.jpg,False,₹241,4.1/5
"L’Oréal Paris Color Riche Satin Lipstick- 108 Cuirve, 4.3 gm",same as title,https://www.amazon.in/LOr%C3%A9al-Paris-Color-Lipstick-Cuirve/dp/B07BH83KF6/ref=sr_1_54?crid=1UPZEIOSR28PW&dib=eyJ2IjoiMSJ9.UEw53yhaVFJXiA5LPFzTnEFzcY2v-EGtKdBv6LzJIPvcujo__TNYbridLeAJ5Z1ZcWUASBhsl9EA1LSl4d91cbsoUI6o19irI7mPZ4LEyAcasbR5XJXiSfj6dIi9orvXMAs7TKm_QyIffIQTjj7W-mZOUK1HF6In0gOF-TfktFmCyGJOWOvHn8syzQVddyqf2mdRXC4qkhH_zgcye-ooVwCtnuLSca2QWrKv43AfbHE0SzQ1bMv9er7ycvtLid673ui3DCH4pXS3oNRYAl3abD6sVnuWhTLIAnLmHZ_hO0Y.oGJL7N4bwMH8XLzHaMss_jCL7Z7OSheZzHbt61ZBRto&dib_tag=se&keywords=lipstick&qid=1770730019&sprefix=lipstic%2Caps%2C435&sr=8-54,B07BH83KF6,https://m.media-amazon.com/images/I/61EyrulUCFL._AC_UL320_.jpg,False,₹637,4.1/5
SUGAR Cosmetics Partner In Shine Transferproof Glossy Lipstick | Lasts upto 24hrs | Transferproof & Smudgeproof - 3ml - 12 Crimson Cognac,same as title,https://www.amazon.in/SUGAR-Cosmetics-Transferproof-Lipstick-Smudgeproof/dp/B0DCP6GXXC/ref=sr_1_55?crid=1UPZEIOSR28PW&dib=eyJ2IjoiMSJ9.UEw53yhaVFJXiA5LPFzTnEFzcY2v-EGtKdBv6LzJIPvcujo__TNYbridLeAJ5Z1ZcWUASBhsl9EA1LSl4d91cbsoUI6o19irI7mPZ4LEyAcasbR5XJXiSfj6dIi9orvXMAs7TKm_QyIffIQTjj7W-mZOUK1HF6In0gOF-TfktFmCyGJOWOvHn8syzQVddyqf2mdRXC4qkhH_zgcye-ooVwCtnuLSca2QWrKv43AfbHE0SzQ1bMv9er7ycvtLid673ui3DCH4pXS3oNRYAl3abD6sVnuWhTLIAnLmHZ_hO0Y.oGJL7N4bwMH8XLzHaMss_jCL7Z7OSheZzHbt61ZBRto&dib_tag=se&keywords=lipstick&qid=1770730019&sprefix=lipstic%2Caps%2C435&sr=8-55,B0DCP6GXXC,https://m.media-amazon.com/images/I/61t466s-H4L._AC_UL320_.jpg,False,₹601,4.0/5
"Swiss Beauty More Than Glitter Lipstick | Glittery Finish | Nourishing | With Vitamin C | One Swipe Smooth Glide | Shade- 5 Shine Mauve, 3gm (‎SB-327)",same as title,https://www.amazon.in/Glitter-Lipstick-Glittery-Nourishing-Vitamin/dp/B0F6YMGXK8/ref=sr_1_56?crid=1UPZEIOSR28PW&dib=eyJ2IjoiMSJ9.UEw53yhaVFJXiA5LPFzTnEFzcY2v-EGtKdBv6LzJIPvcujo__TNYbridLeAJ5Z1ZcWUASBhsl9EA1LSl4d91cbsoUI6o19irI7mPZ4LEyAcasbR5XJXiSfj6dIi9orvXMAs7TKm_QyIffIQTjj7W-mZOUK1HF6In0gOF-TfktFmCyGJOWOvHn8syzQVddyqf2mdRXC4qkhH_zgcye-ooVwCtnuLSca2QWrKv43AfbHE0SzQ1bMv9er7ycvtLid673ui3DCH4pXS3oNRYAl3abD6sVnuWhTLIAnLmHZ_hO0Y.oGJL7N4bwMH8XLzHaMss_jCL7Z7OSheZzHbt61ZBRto&dib_tag=se&keywords=lipstick&qid=1770730019&sprefix=lipstic%2Caps%2C435&sr=8-56,B0F6YMGXK8,https://m.media-amazon.com/images/I/719cclC9M8L._AC_UL320_.jpg,False,₹359,4.1/5
"Maybelline New York Superstay Matte Ink Liquid Lipstick - 16H Longwear Matte | Insider, 5ml",same as title,"https://www.amazon.in/Maybelline-Superstay-Matte-Liquid-Lipstick/dp/B0FL458714/ref=sr_1_57_sspa?crid=1UPZEIOSR28PW&dib=eyJ2IjoiMSJ9.UEw53yhaVFJXiA5LPFzTnEFzcY2v-EGtKdBv6LzJIPvcujo__TNYbridLeAJ5Z1ZcWUASBhsl9EA1LSl4d91cbsoUI6o19irI7mPZ4LEyAcasbR5XJXiSfj6dIi9orvXMAs7TKm_QyIffIQTjj7W-mZOUK1HF6In0gOF-TfktFmCyGJOWOvHn8syzQVddyqf2mdRXC4qkhH_zgcye-ooVwCtnuLSca2QWrKv43AfbHE0SzQ1bMv9er7ycvtLid673ui3DCH4pXS3oNRYAl3abD6sVnuWhTLIAnLmHZ_hO0Y.oGJL7N4bwMH8XLzHaMss_jCL7Z7OSheZzHbt61ZBRto&dib_tag=se&keywords=lipstick&qid=1770730019&sprefix=lipstic,aps,435&sr=8-57-spons&aref=CeaSVH3hYh&sp_csd=d2lkZ2V0TmFtZT1zcF9idGY&psc=1",B0FL458714,https://m.media-amazon.com/images/I/51kiZSr70qL._AC_UL320_.jpg,True,₹560,4.1/5
"Maybelline New York Sensational Liquid Matte Lipstick, Non-sticky, Non-drying Lipstick, Super Precise Application, Long-lasting Liquid Matte Lipstick - 08 Sensationally Me| 7ml",same as title,"https://www.amazon.in/Maybelline-Sensational-Liquid-Lipstick-Sensationally/dp/B082L8Q985/ref=sr_1_58_sspa?crid=1UPZEIOSR28PW&dib=eyJ2IjoiMSJ9.UEw53yhaVFJXiA5LPFzTnEFzcY2v-EGtKdBv6LzJIPvcujo__TNYbridLeAJ5Z1ZcWUASBhsl9EA1LSl4d91cbsoUI6o19irI7mPZ4LEyAcasbR5XJXiSfj6dIi9orvXMAs7TKm_QyIffIQTjj7W-mZOUK1HF6In0gOF-TfktFmCyGJOWOvHn8syzQVddyqf2mdRXC4qkhH_zgcye-ooVwCtnuLSca2QWrKv43AfbHE0SzQ1bMv9er7ycvtLid673ui3DCH4pXS3oNRYAl3abD6sVnuWhTLIAnLmHZ_hO0Y.oGJL7N4bwMH8XLzHaMss_jCL7Z7OSheZzHbt61ZBRto&dib_tag=se&keywords=lipstick&qid=1770730019&sprefix=lipstic,aps,435&sr=8-58-spons&aref=a97gulacQU&sp_csd=d2lkZ2V0TmFtZT1zcF9idGY&psc=1",B082L8Q985,https://m.media-amazon.com/images/I/51HaPbpEH1L._AC_UL320_.jpg,True,₹171,4.0/5
"Swiss Beauty Satin Comfort Lipstick | Ultra-Hydrating | Highly Pigmented | Smooth Glide | Satin Matte Finish | One-Swipe Application | Shade- 5 Vintage Pink, 3gm",same as title,"https://www.amazon.in/Lipstick-Ultra-Hydrating-Pigmented-One-Swipe-Application/dp/B0F7LBN1PJ/ref=sr_1_59_sspa?crid=1UPZEIOSR28PW&dib=eyJ2IjoiMSJ9.UEw53yhaVFJXiA5LPFzTnEFzcY2v-EGtKdBv6LzJIPvcujo__TNYbridLeAJ5Z1ZcWUASBhsl9EA1LSl4d91cbsoUI6o19irI7mPZ4LEyAcasbR5XJXiSfj6dIi9orvXMAs7TKm_QyIffIQTjj7W-mZOUK1HF6In0gOF-TfktFmCyGJOWOvHn8syzQVddyqf2mdRXC4qkhH_zgcye-ooVwCtnuLSca2QWrKv43AfbHE0SzQ1bMv9er7ycvtLid673ui3DCH4pXS3oNRYAl3abD6sVnuWhTLIAnLmHZ_hO0Y.oGJL7N4bwMH8XLzHaMss_jCL7Z7OSheZzHbt61ZBRto&dib_tag=se&keywords=lipstick&qid=1770730019&sprefix=lipstic,aps,435&sr=8-59-spons&aref=OwvVjQb1Sk&sp_csd=d2lkZ2V0TmFtZT1zcF9idGY&psc=1",B0F7LBN1PJ,https://m.media-amazon.com/images/I/51rOliS-seL._AC_UL320_.jpg,True,₹199,4.1/5
"LoveChild Masaba ""The Batua"" Lipstick, Barfi Wine (Wine) Rich Satin Finish Lipstick with Built-in Mirror, Hydrating, Nourishing Formula with Jojoba Oil, 4g",same as title,"https://www.amazon.in/LoveChild-Masaba-Lipstick-Hydrating-Nourishing/dp/B0FVFLW65J/ref=sr_1_60_sspa?crid=1UPZEIOSR28PW&dib=eyJ2IjoiMSJ9.UEw53yhaVFJXiA5LPFzTnEFzcY2v-EGtKdBv6LzJIPvcujo__TNYbridLeAJ5Z1ZcWUASBhsl9EA1LSl4d91cbsoUI6o19irI7mPZ4LEyAcasbR5XJXiSfj6dIi9orvXMAs7TKm_QyIffIQTjj7W-mZOUK1HF6In0gOF-TfktFmCyGJOWOvHn8syzQVddyqf2mdRXC4qkhH_zgcye-ooVwCtnuLSca2QWrKv43AfbHE0SzQ1bMv9er7ycvtLid673ui3DCH4pXS3oNRYAl3abD6sVnuWhTLIAnLmHZ_hO0Y.oGJL7N4bwMH8XLzHaMss_jCL7Z7OSheZzHbt61ZBRto&dib_tag=se&keywords=lipstick&qid=1770730019&sprefix=lipstic,aps,435&sr=8-60-spons&aref=vwek0VJCY1&sp_csd=d2lkZ2V0TmFtZT1zcF9idGY&psc=1",B0FVFLW65J,https://m.media-amazon.com/images/I/61xJuEdY8dL._AC_UL320_.jpg,True,"₹1,300",4.6/5
